{
    "position": [
        -3.0646585729672595,
        -40.49057065503959,
        -4.587695405496574
    ],
    "target": [
        0.0334435701,
        0.1383883059,
        -0.5903925896
    ]
}
