{
    "position": [
        -3.0879298681132026,
        -90.78442833862495,
        17.71035013884972
    ],
    "target": [
        1.5982519764,
        2.7366724484,
        0.3253002368
    ]
}
