{
    "position": [
        -28.316661776568214,
        -54.71533045470223,
        3.649779834296952
    ],
    "target": [
        -0.0097775459,
        0.031154871,
        -0.0935738087
    ]
}
