{
    "position": [
        22.520266168459923,
        -562.7865119951034,
        44.65935193853821
    ],
    "target": [
        -0.4214076996,
        2.2808895111,
        -1.7096366882
    ]
}
