{
    "position": [
        -512.2222636224386,
        -28.45569405743099,
        35.29881097669263
    ],
    "target": [
        -0.4214076996,
        2.2808895111,
        -1.7096366882
    ]
}
