{
    "position": [
        0.3091314001408254,
        113.35754469402966,
        9.243204286826252
    ],
    "target": [
        -0.0678062439,
        -0.1103053093,
        -2.1869263649
    ]
}
