{
    "position": [
        0.3407047913390377,
        -125.65414112470303,
        4.570351508756342
    ],
    "target": [
        -0.0678062439,
        -0.1103053093,
        -2.1869263649
    ]
}
