{
    "position": [
        -82.05226531176885,
        78.14210671189294,
        26.46918008186411
    ],
    "target": [
        0.6383154392,
        0.236645937,
        3.2489089966
    ]
}
