{
    "position": [
        -9.757601034186356,
        -15.39540532257276,
        13.775285135225104
    ],
    "target": [
        -0.2129167608,
        -0.0009491496,
        0.4886939636
    ]
}
