{
    "position": [
        -1.6552734993116291,
        -67.21813245008033,
        -13.43729077673966
    ],
    "target": [
        3.8417436384,
        -11.2990038002,
        0.9330960627
    ]
}
