{
    "position": [
        -0.9940569340237881,
        -68.42269637078951,
        1.6687818784731419
    ],
    "target": [
        1.2978298765193625,
        -10.938865085198248,
        -0.2855159197
    ]
}
