{
    "position": [
        -59.119876278864695,
        50.430428486664795,
        10.0348318126662
    ],
    "target": [
        -0.118265152,
        -0.0710003376,
        1.0367600918
    ]
}
