{
    "position": [
        -69.71676439287138,
        -1.993263150187204,
        14.29433301889701
    ],
    "target": [
        -0.118265152,
        -0.0710003376,
        1.0367600918
    ]
}
