{
    "position": [
        139.96844534397542,
        131.5587150889808,
        11.39648783931478
    ],
    "target": [
        0.6289482117,
        -0.083837986,
        -0.2945623398
    ]
}
