{
    "position": [
        -4.369710316901594,
        -37.837355494621974,
        4.722836495133869
    ],
    "target": [
        -0.0030655101,
        1.2458451077,
        -0.5541907079
    ]
}
