{
    "position": [
        1.528965445786234,
        -179.23825903802867,
        22.360147811460287
    ],
    "target": [
        -2.1354651192,
        -0.5391480322,
        -9.7073693405
    ]
}
