{
    "position": [
        0.08690419484004602,
        2.3093072255545404,
        0.42504914331594995
    ],
    "target": [
        -0.0352524781,
        -0.0226788583,
        0.0029035361
    ]
}
