{
    "position": [
        -105.25219866425344,
        -63.322002494295376,
        56.767006047268524
    ],
    "target": [
        0.7273115772,
        -1.2328030558,
        1.5385737354
    ]
}
