{
    "position": [
        71.09032050178568,
        -104.1242745159787,
        52.326306131541536
    ],
    "target": [
        0.7273115772,
        -1.2328030558,
        1.5385737354
    ]
}
