{
    "position": [
        11.050767132224014,
        -276.248141486155,
        53.07815553970238
    ],
    "target": [
        -0.7945507843,
        1.1462488209,
        -4.9701297386
    ]
}
